kc_pos,kc_vel,d_safe,k_rep,u_max,final_mean_err,decay_ratio,min_pair_dist,improve_final_pct,improve_decay_pct,safe_flag,score
0.08,0.1,0.45,2.4,1,1.10590312128974,0.648538682126275,0.202059977403518,7.25663909888357,7.25663909888358,1,1.10590312128974
0.08,0.1,0.45,2.4,1.2,1.10590312128974,0.648538682126275,0.202059977403518,7.25663909888357,7.25663909888358,1,1.10590312128974
0.08,0.2,0.45,2.4,1,1.10791789622823,0.649720213725408,0.205893062691682,7.08767583649925,7.08767583649925,1,1.10791789622823
0.08,0.2,0.45,2.4,1.2,1.10791789622823,0.649720213725408,0.205893062691682,7.08767583649925,7.08767583649925,1,1.10791789622823
0.08,0.3,0.45,2.4,1,1.1099632374901,0.650919670441768,0.209928373166743,6.9161492179699,6.91614921796991,1,1.1099632374901
0.08,0.3,0.45,2.4,1.2,1.1099632374901,0.650919670441768,0.209928373166743,6.9161492179699,6.91614921796991,1,1.1099632374901
0.04,0.1,0.45,1.8,1,1.13735380306174,0.666982416767872,0.220320090887611,4.61911880075435,4.61911880075437,1,1.13735380306174
0.04,0.1,0.45,1.8,1.2,1.13735380306174,0.666982416767872,0.220320090887611,4.61911880075435,4.61911880075437,1,1.13735380306174
0.04,0.3,0.45,1.2,1,1.13937871259587,0.66816989163381,0.210849890538787,4.44930562987046,4.44930562987047,1,1.13937871259587
0.04,0.3,0.45,1.2,1.2,1.13937871259587,0.66816989163381,0.210849890538787,4.44930562987046,4.44930562987047,1,1.13937871259587
0.04,0.2,0.45,1.8,1,1.13953507655138,0.66826158870174,0.227186481467892,4.43619261980799,4.43619261980799,1,1.13953507655138
0.04,0.2,0.45,1.8,1.2,1.13953507655138,0.66826158870174,0.227186481467892,4.43619261980799,4.43619261980799,1,1.13953507655138
0.04,0.1,0.45,2.4,1,1.13966059097631,0.66833519457025,0.246494026749048,4.42566671624088,4.42566671624089,1,1.13966059097631
0.04,0.1,0.45,2.4,1.2,1.13966059097631,0.66833519457025,0.246494026749048,4.42566671624088,4.42566671624089,1,1.13966059097631
0.04,0.3,0.45,1.8,1,1.14167791123338,0.669518218829574,0.235412642507027,4.25648999808799,4.256489998088,1,1.14167791123338
0.04,0.3,0.45,1.8,1.2,1.14167791123338,0.669518218829574,0.235412642507027,4.25648999808799,4.256489998088,1,1.14167791123338
0.04,0.2,0.45,2.4,1,1.14177960562764,0.669577855833177,0.252512368939131,4.2479616923745,4.24796169237451,1,1.14177960562764
0.04,0.2,0.45,2.4,1.2,1.14177960562764,0.669577855833177,0.252512368939131,4.2479616923745,4.24796169237451,1,1.14177960562764
0.04,0.3,0.45,2.4,1,1.14385518409289,0.670795044659749,0.258494228114418,4.07389931839634,4.07389931839635,1,1.14385518409289
0.04,0.3,0.45,2.4,1.2,1.14385518409289,0.670795044659749,0.258494228114418,4.07389931839634,4.07389931839635,1,1.14385518409289
0.04,0.2,0.45,1.2,1,1.13717108233512,0.666875263205364,0.199161573839413,4.63444214505659,4.63444214505661,0,1.145555343941
0.04,0.2,0.45,1.2,1.2,1.13717108233512,0.666875263205364,0.199161573839413,4.63444214505659,4.63444214505661,0,1.145555343941
0.04,0.3,0.45,0.8,1,1.13778480158989,0.667235168760395,0.193665761675339,4.58297435801397,4.58297435801398,0,1.2011271848365
0.04,0.3,0.45,0.8,1.2,1.13778480158989,0.667235168760395,0.193665761675339,4.58297435801397,4.58297435801398,0,1.2011271848365
0.04,0.3,0.35,2.4,1,1.1367799430235,0.666645885994281,0.190701222486867,4.66724391009578,4.66724391009579,0,1.22976771815483
0.04,0.3,0.35,2.4,1.2,1.1367799430235,0.666645885994281,0.190701222486867,4.66724391009578,4.66724391009579,0,1.22976771815483
0.08,0.3,0.45,1.8,1,1.10710252455329,0.649242052427801,0.187148307305476,7.15605461946958,7.15605461946958,0,1.23561945149853
0.08,0.3,0.45,1.8,1.2,1.10710252455329,0.649242052427801,0.187148307305476,7.15605461946958,7.15605461946958,0,1.23561945149853
0.04,0.1,0.45,1.2,1,1.13493134254818,0.665561804673812,0.188890488657598,4.8222714326189,4.82227143261891,0,1.24602645597221
0.04,0.1,0.45,1.2,1.2,1.13493134254818,0.665561804673812,0.188890488657598,4.8222714326189,4.82227143261891,0,1.24602645597221
0.12,0.3,0.45,2.4,1,1.09028919832396,0.639382154010829,0.184395329366693,8.56605550690397,8.56605550690398,0,1.24633590465703
0.12,0.3,0.45,2.4,1.2,1.09028919832396,0.639382154010829,0.184395329366693,8.56605550690397,8.56605550690398,0,1.24633590465703
0.08,0.2,0.45,1.8,1,1.10512095130184,0.648079991411523,0.183955996970636,7.322233518573,7.32223351857301,0,1.26556098159549
0.08,0.2,0.45,1.8,1.2,1.10512095130184,0.648079991411523,0.183955996970636,7.322233518573,7.32223351857301,0,1.26556098159549
0.12,0.2,0.45,2.4,1,1.08907999316894,0.63867303555139,0.182210415879621,8.6674619935452,8.6674619935452,0,1.26697583437273
0.12,0.2,0.45,2.4,1.2,1.08907999316894,0.63867303555139,0.182210415879621,8.6674619935452,8.6674619935452,0,1.26697583437273
0.12,0.1,0.45,2.4,1,1.08796093320595,0.638016781256013,0.180267050415127,8.76130871485335,8.76130871485335,0,1.28529042905468
0.12,0.1,0.45,2.4,1.2,1.08796093320595,0.638016781256013,0.180267050415127,8.76130871485335,8.76130871485335,0,1.28529042905468
0.08,0.1,0.45,1.8,1,1.10318268104061,0.646943324721079,0.181049397106434,7.48478093787342,7.48478093787343,0,1.29268870997626
0.08,0.1,0.45,1.8,1.2,1.10318268104061,0.646943324721079,0.181049397106434,7.48478093787342,7.48478093787343,0,1.29268870997626
0.04,0.3,0.35,1.8,1,1.13623282143482,0.666325035544313,0.18269574495261,4.71312667684012,4.71312667684012,0,1.30927537190872
0.04,0.3,0.35,1.8,1.2,1.13623282143482,0.666325035544313,0.18269574495261,4.71312667684012,4.71312667684012,0,1.30927537190872
0.04,0.2,0.35,2.4,1,1.13454213903799,0.665333562681612,0.180339196049142,4.85491085728039,4.85491085728039,0,1.33115017854656
0.04,0.2,0.35,2.4,1.2,1.13454213903799,0.665333562681612,0.180339196049142,4.85491085728039,4.85491085728039,0,1.33115017854656
0.04,0.2,0.45,0.8,1,1.13553702500027,0.665916997178201,0.179550395029007,4.7714776287459,4.7714776287459,0,1.3400330747102
0.04,0.2,0.45,0.8,1.2,1.13553702500027,0.665916997178201,0.179550395029007,4.7714776287459,4.7714776287459,0,1.3400330747102
0.16,0.3,0.45,2.4,1.2,1.08280556175285,0.634993498525636,0.171050893209833,9.19364900402494,9.19364900402494,0,1.37229662965452
0.16,0.3,0.45,2.4,1,1.08427952898152,0.635857882345136,0.170929918915022,9.0700390132283,9.0700390132283,0,1.3749803398313
0.16,0.2,0.45,2.4,1.2,1.08268277731089,0.6349214936107,0.170021022999894,9.20394596548097,9.20394596548098,0,1.38247254731195
0.16,0.2,0.45,2.4,1,1.08421716096866,0.635821307650585,0.169907798051635,9.07526932591438,9.0752693259144,0,1.38513918045231
0.04,0.3,0.35,1.2,1,1.13566673743072,0.665993064897948,0.174475728673956,4.76059967160955,4.76059967160956,0,1.39090945069115
0.04,0.3,0.35,1.2,1.2,1.13566673743072,0.665993064897948,0.174475728673956,4.76059967160955,4.76059967160956,0,1.39090945069115
0.16,0.1,0.45,2.4,1.2,1.0827536183544,0.634963037174613,0.169141308392623,9.19800508662939,9.1980050866294,0,1.39134053442817
0.16,0.1,0.45,2.4,1,1.08435270589314,0.635900795740453,0.169035618542147,9.06390224356585,9.06390224356586,0,1.39399652047167
0.04,0.1,0.35,2.4,1,1.13228315160094,0.664008816682477,0.172347555465249,5.04435429324834,5.04435429324835,0,1.40880759694846
0.04,0.1,0.35,2.4,1.2,1.13228315160094,0.664008816682477,0.172347555465249,5.04435429324834,5.04435429324835,0,1.40880759694846
0.12,0.3,0.45,1.8,1,1.08803872543891,0.638062401230558,0.167687299698201,8.75478489464013,8.75478489464014,0,1.4111657284569
0.12,0.3,0.45,1.8,1.2,1.08803872543891,0.638062401230558,0.167687299698201,8.75478489464013,8.75478489464014,0,1.4111657284569
0.12,0.2,0.45,1.8,1,1.08682238920525,0.637349100867431,0.166409391842516,8.85678940852889,8.8567894085289,0,1.42272847078009
0.12,0.2,0.45,1.8,1.2,1.08682238920525,0.637349100867431,0.166409391842516,8.85678940852889,8.8567894085289,0,1.42272847078009
0.04,0.2,0.35,1.8,1,1.13397600772102,0.665001564289398,0.170274053047997,4.90238781980598,4.902387819806,0,1.43123547724105
0.04,0.2,0.35,1.8,1.2,1.13397600772102,0.665001564289398,0.170274053047997,4.90238781980598,4.902387819806,0,1.43123547724105
0.12,0.1,0.45,1.8,1,1.08567417098983,0.636675747194866,0.16533241278891,8.95308140219082,8.95308140219083,0,1.43235004310073
0.12,0.1,0.45,1.8,1.2,1.08567417098983,0.636675747194866,0.16533241278891,8.95308140219082,8.95308140219083,0,1.43235004310073
0.04,0.3,0.35,0.8,1,1.13527928286527,0.665765848545611,0.16887582602583,4.79309242608696,4.79309242608696,0,1.44652102260697
0.04,0.3,0.35,0.8,1.2,1.13527928286527,0.665765848545611,0.16887582602583,4.79309242608696,4.79309242608696,0,1.44652102260697
0.04,0.1,0.45,0.8,1,1.13326247547634,0.664583125049368,0.166986017635312,4.96222613403892,4.96222613403893,0,1.46340229912322
0.04,0.1,0.45,0.8,1.2,1.13326247547634,0.664583125049368,0.166986017635312,4.96222613403892,4.96222613403893,0,1.46340229912322
0.16,0.3,0.45,1.8,1.2,1.08009032255941,0.63340119119394,0.158767579747216,9.42135467154937,9.42135467154938,0,1.49241452508725
0.08,0.3,0.45,1.2,1,1.10432681461359,0.647614283022324,0.161031098252113,7.38883149091378,7.38883149091379,0,1.49401583209247
0.08,0.3,0.45,1.2,1.2,1.10432681461359,0.647614283022324,0.161031098252113,7.38883149091378,7.38883149091379,0,1.49401583209247
0.16,0.3,0.45,1.8,1,1.08154380153748,0.634253560016119,0.158679765543612,9.29946286852392,9.29946286852392,0,1.49474614610136
0.16,0.2,0.45,1.8,1.2,1.07982332057968,0.63324461227783,0.158407597704319,9.44374601893786,9.44374601893787,0,1.4957473435365
0.16,0.2,0.45,1.8,1,1.08134797895219,0.634138723084253,0.158326907021223,9.31588496224067,9.31588496224067,0,1.49807890873997
0.16,0.1,0.45,1.8,1.2,1.07973870761833,0.63319499239939,0.158158623343996,9.45084183977456,9.45084183977457,0,1.49815247417838
0.16,0.1,0.45,1.8,1,1.08133188379262,0.63412928434285,0.158085920273398,9.3172347361624,9.31723473616241,0,1.50047268105864
0.08,0.2,0.45,1.2,1,1.10240207198521,0.646485549389503,0.159419300619692,7.55024445448099,7.550244454481,0,1.5082090657883
0.08,0.2,0.45,1.2,1.2,1.10240207198521,0.646485549389503,0.159419300619692,7.55024445448099,7.550244454481,0,1.5082090657883
0.04,0.3,0.25,2.4,1,1.13460155571354,0.665368406612981,0.161648241279436,4.84992804994569,4.84992804994569,0,1.51811914291918
0.04,0.3,0.25,2.4,1.2,1.13460155571354,0.665368406612981,0.161648241279436,4.84992804994569,4.84992804994569,0,1.51811914291918
0.08,0.1,0.45,1.2,1,1.10051206165523,0.645377183941376,0.158073957279761,7.70874469448049,7.70874469448049,0,1.51977248885762
0.08,0.1,0.45,1.2,1.2,1.10051206165523,0.645377183941376,0.158073957279761,7.70874469448049,7.70874469448049,0,1.51977248885762
0.04,0.3,0.25,1.8,1,1.13457219324419,0.665351187476143,0.160593334184283,4.85239044835952,4.85239044835952,0,1.52863885140136
0.04,0.3,0.25,1.8,1.2,1.13457219324419,0.665351187476143,0.160593334184283,4.85239044835952,4.85239044835952,0,1.52863885140136
0.04,0.1,0.35,1.8,1,1.13169957227332,0.663666586191607,0.160169322263181,5.09329448263236,5.09329448263237,0,1.53000634964151
0.04,0.1,0.35,1.8,1.2,1.13169957227332,0.663666586191607,0.160169322263181,5.09329448263236,5.09329448263237,0,1.53000634964151
0.04,0.2,0.35,1.2,1,1.13339060217611,0.664658262843461,0.159915328984707,4.95148115961115,4.95148115961116,0,1.53423731232905
0.04,0.2,0.35,1.2,1.2,1.13339060217611,0.664658262843461,0.159915328984707,4.95148115961115,4.95148115961116,0,1.53423731232905
0.04,0.3,0.25,1.2,1,1.13454250346285,0.665333776392578,0.159531562420029,4.85488029584479,4.85488029584479,0,1.53922687926257
0.04,0.3,0.25,1.2,1.2,1.13454250346285,0.665333776392578,0.159531562420029,4.85488029584479,4.85488029584479,0,1.53922687926257
0.04,0.3,0.25,0.8,1,1.13452252777444,0.665322061978909,0.158819887976385,4.85655549907402,4.85655549907402,0,1.54632364801059
0.04,0.3,0.25,0.8,1.2,1.13452252777444,0.665322061978909,0.158819887976385,4.85655549907402,4.85655549907402,0,1.54632364801059
0.08,0.3,0.35,2.4,1,1.10188541199198,0.646182562640781,0.154860903288209,7.59357264778609,7.59357264778609,0,1.55327637910989
0.08,0.3,0.35,2.4,1.2,1.10188541199198,0.646182562640781,0.154860903288209,7.59357264778609,7.59357264778609,0,1.55327637910989
0.08,0.2,0.35,2.4,1,1.10003983206603,0.645100252671768,0.153735278060602,7.7483468606887,7.7483468606887,0,1.56268705146
0.08,0.2,0.35,2.4,1.2,1.10003983206603,0.645100252671768,0.153735278060602,7.7483468606887,7.7483468606887,0,1.56268705146
0.08,0.1,0.35,2.4,1,1.09824838032523,0.644049685285976,0.152849068069859,7.89858177018094,7.89858177018095,0,1.56975769962664
0.08,0.1,0.35,2.4,1.2,1.09824838032523,0.644049685285976,0.152849068069859,7.89858177018094,7.89858177018095,0,1.56975769962664
0.12,0.3,0.45,1.2,1,1.08522623905806,0.636413064886516,0.15060749483152,8.99064591576119,8.99064591576119,0,1.57915129074287
0.12,0.3,0.45,1.2,1.2,1.08522623905806,0.636413064886516,0.15060749483152,8.99064591576119,8.99064591576119,0,1.57915129074287
0.12,0.2,0.45,1.2,1,1.08399384631976,0.63569034845053,0.150426244666686,9.09399696188855,9.09399696188856,0,1.57973139965289
0.12,0.2,0.45,1.2,1.2,1.08399384631976,0.63569034845053,0.150426244666686,9.09399696188855,9.09399696188856,0,1.57973139965289
0.12,0.1,0.45,1.2,1,1.08283736914528,0.635012151447369,0.149392151614192,9.19098156922143,9.19098156922143,0,1.58891585300336
0.12,0.1,0.45,1.2,1.2,1.08283736914528,0.635012151447369,0.149392151614192,9.19098156922143,9.19098156922143,0,1.58891585300336
0.04,0.2,0.35,0.8,1,1.13299013956953,0.664423418139514,0.152848964249387,4.98506479576756,4.98506479576756,0,1.60450049707567
0.04,0.2,0.35,0.8,1.2,1.13299013956953,0.664423418139514,0.152848964249387,4.98506479576756,4.98506479576756,0,1.60450049707567
0.04,0.1,0.35,1.2,1,1.13109682869097,0.663313117139002,0.147648435412854,5.14384182671001,5.14384182671002,0,1.65461247456243
0.04,0.1,0.35,1.2,1.2,1.13109682869097,0.663313117139002,0.147648435412854,5.14384182671001,5.14384182671002,0,1.65461247456243
0.08,0.3,0.35,1.8,1,1.10111607644862,0.645731398474771,0.144150150651218,7.65809074397224,7.65809074397224,0,1.65961456993644
0.08,0.3,0.35,1.8,1.2,1.10111607644862,0.645731398474771,0.144150150651218,7.65809074397224,7.65809074397224,0,1.65961456993644
0.08,0.2,0.35,1.8,1,1.09926636205567,0.644646663915644,0.143772744142985,7.81321168196972,7.81321168196974,0,1.66153892062582
0.08,0.2,0.35,1.8,1.2,1.09926636205567,0.644646663915644,0.143772744142985,7.81321168196972,7.81321168196974,0,1.66153892062582
0.08,0.1,0.35,1.8,1,1.09746296709442,0.643589092624804,0.143587410903826,7.96444817503965,7.96444817503966,0,1.66158885805616
0.08,0.1,0.35,1.8,1.2,1.09746296709442,0.643589092624804,0.143587410903826,7.96444817503965,7.96444817503966,0,1.66158885805616
0.08,0.1,0.45,0.8,1,1.09864258440223,0.644280859778272,0.142747438239704,7.86552298747304,7.86552298747304,0,1.67116820200519
0.08,0.1,0.45,0.8,1.2,1.09864258440223,0.644280859778272,0.142747438239704,7.86552298747304,7.86552298747304,0,1.67116820200519
0.08,0.3,0.45,0.8,1,1.10242683249614,0.646500069783572,0.143033557103022,7.54816798597624,7.54816798597624,0,1.67209126146591
0.08,0.3,0.45,0.8,1.2,1.10242683249614,0.646500069783572,0.143033557103022,7.54816798597624,7.54816798597624,0,1.67209126146591
0.08,0.2,0.45,0.8,1,1.10051900791187,0.645381257459245,0.142800549091347,7.70816216679436,7.70816216679437,0,1.6725135169984
0.08,0.2,0.45,0.8,1.2,1.10051900791187,0.645381257459245,0.142800549091347,7.70816216679436,7.70816216679437,0,1.6725135169984
0.04,0.2,0.25,2.4,1,1.13228443847232,0.664009571347012,0.145713192160964,5.04424637350924,5.04424637350925,0,1.67515251686268
0.04,0.2,0.25,2.4,1.2,1.13228443847232,0.664009571347012,0.145713192160964,5.04424637350924,5.04424637350925,0,1.67515251686268
0.04,0.2,0.25,1.8,1,1.1322555009169,0.663992601393956,0.143895873295453,5.04667313774732,5.04667313774732,0,1.69329676796237
0.04,0.2,0.25,1.8,1.2,1.1322555009169,0.663992601393956,0.143895873295453,5.04667313774732,5.04667313774732,0,1.69329676796237
0.04,0.2,0.25,1.2,1,1.13222625135548,0.663975448470111,0.142061883367989,5.04912606746533,5.04912606746534,0,1.71160741767559
0.04,0.2,0.25,1.2,1.2,1.13222625135548,0.663975448470111,0.142061883367989,5.04912606746533,5.04912606746534,0,1.71160741767559
0.04,0.2,0.25,0.8,1,1.13220657795914,0.663963911330657,0.140829936904876,5.0507759198452,5.05077591984521,0,1.72390720891038
0.04,0.2,0.25,0.8,1.2,1.13220657795914,0.663963911330657,0.140829936904876,5.0507759198452,5.05077591984521,0,1.72390720891038
0.04,0.1,0.35,0.8,1,1.13068495811359,0.66307158241836,0.139128355515217,5.17838215928241,5.17838215928242,0,1.73940140296142
0.04,0.1,0.35,0.8,1.2,1.13068495811359,0.66307158241836,0.139128355515217,5.17838215928241,5.17838215928242,0,1.73940140296142
0.08,0.1,0.35,1.2,1,1.09661484257691,0.643091723961785,0.134092243853783,8.03557368025094,8.03557368025095,0,1.75569240403908
0.08,0.1,0.35,1.2,1.2,1.09661484257691,0.643091723961785,0.134092243853783,8.03557368025094,8.03557368025095,0,1.75569240403908
0.08,0.2,0.35,1.2,1,1.09843069470297,0.644156600551876,0.133478776650529,7.88329250314963,7.88329250314964,0,1.76364292819767
0.08,0.2,0.35,1.2,1.2,1.09843069470297,0.644156600551876,0.133478776650529,7.88329250314963,7.88329250314964,0,1.76364292819767
0.08,0.3,0.35,1.2,1,1.10028606285472,0.645244650664796,0.13298257256729,7.72769742905128,7.72769742905129,0,1.77046033718182
0.08,0.3,0.35,1.2,1.2,1.10028606285472,0.645244650664796,0.13298257256729,7.72769742905128,7.72769742905129,0,1.77046033718182
0.04,0.1,0.25,2.4,1,1.12994711828887,0.662638888398119,0.133010992382775,5.2402589582844,5.2402589582844,0,1.79983719446112
0.04,0.1,0.25,2.4,1.2,1.12994711828887,0.662638888398119,0.133010992382775,5.2402589582844,5.2402589582844,0,1.79983719446112
0.08,0.1,0.35,0.8,1,1.09602411634995,0.642745302289437,0.127788068668461,8.08511322363975,8.08511322363976,0,1.81814342966534
0.08,0.1,0.35,0.8,1.2,1.09602411634995,0.642745302289437,0.127788068668461,8.08511322363975,8.08511322363976,0,1.81814342966534
0.04,0.1,0.25,1.8,1,1.12992057614274,0.662623323193407,0.130241390910807,5.24248483846381,5.24248483846381,0,1.82750666703466
0.04,0.1,0.25,1.8,1.2,1.12992057614274,0.662623323193407,0.130241390910807,5.24248483846381,5.24248483846381,0,1.82750666703466
0.08,0.2,0.35,0.8,1,1.09784751498638,0.643814604406322,0.126616222907088,7.93219918031178,7.93219918031178,0,1.8316852859155
0.08,0.2,0.35,0.8,1.2,1.09784751498638,0.643814604406322,0.126616222907088,7.93219918031178,7.93219918031178,0,1.8316852859155
0.08,0.3,0.35,0.8,1,1.09970661118803,0.64490484077274,0.125515399941182,7.77629146411088,7.77629146411088,0,1.84455261177621
0.08,0.3,0.35,0.8,1.2,1.09970661118803,0.64490484077274,0.125515399941182,7.77629146411088,7.77629146411088,0,1.84455261177621
0.08,0.3,0.25,2.4,1,1.09868070361056,0.644303214160543,0.124568935848131,7.86232623051797,7.86232623051798,0,1.85299134512925
0.08,0.3,0.25,2.4,1.2,1.09868070361056,0.644303214160543,0.124568935848131,7.86232623051797,7.86232623051798,0,1.85299134512925
0.04,0.1,0.25,1.2,1,1.12989378286319,0.662607610715641,0.12744117555766,5.24473177921884,5.24473177921884,0,1.85548202728659
0.04,0.1,0.25,1.2,1.2,1.12989378286319,0.662607610715641,0.12744117555766,5.24473177921884,5.24473177921884,0,1.85548202728659
0.04,0.1,0.25,0.8,1,1.12987578225721,0.662597054556553,0.125557500670174,5.24624134788295,5.24624134788295,0,1.87430077555547
0.04,0.1,0.25,0.8,1.2,1.12987578225721,0.662597054556553,0.125557500670174,5.24624134788295,5.24624134788295,0,1.87430077555547
0.08,0.2,0.25,2.4,1,1.09687549164666,0.643244577318414,0.121413390792878,8.01371510124944,8.01371510124945,0,1.88274158371788
0.08,0.2,0.25,2.4,1.2,1.09687549164666,0.643244577318414,0.121413390792878,8.01371510124944,8.01371510124945,0,1.88274158371788
0.08,0.3,0.25,1.8,1,1.09862536720151,0.644270763034305,0.121364122179397,7.86696685812474,7.86696685812475,0,1.88498414540754
0.08,0.3,0.25,1.8,1.2,1.09862536720151,0.644270763034305,0.121364122179397,7.86696685812474,7.86696685812475,0,1.88498414540754
0.08,0.2,0.25,1.8,1,1.09680479011072,0.643203115566419,0.119564647130422,8.01964428070304,8.01964428070305,0,1.90115831880649
0.08,0.2,0.25,1.8,1.2,1.09680479011072,0.643203115566419,0.119564647130422,8.01964428070304,8.01964428070305,0,1.90115831880649
0.08,0.3,0.25,1.2,1,1.0985772016107,0.644242517116386,0.118061341866119,7.87100612583802,7.87100612583802,0,1.91796378294951
0.08,0.3,0.25,1.2,1.2,1.0985772016107,0.644242517116386,0.118061341866119,7.87100612583802,7.87100612583802,0,1.91796378294951
0.08,0.2,0.25,1.2,1,1.09674123978011,0.643165847521086,0.117686860186853,8.02497374504129,8.0249737450413,0,1.91987263791158
0.08,0.2,0.25,1.2,1.2,1.09674123978011,0.643165847521086,0.117686860186853,8.02497374504129,8.0249737450413,0,1.91987263791158
0.08,0.2,0.25,0.8,1,1.09670462964808,0.643144378111762,0.116418563995615,8.02804394768632,8.02804394768633,0,1.93251898969192
0.08,0.2,0.25,0.8,1.2,1.09670462964808,0.643144378111762,0.116418563995615,8.02804394768632,8.02804394768633,0,1.93251898969192
0.08,0.3,0.25,0.8,1,1.09855033251578,0.644226760177941,0.115820462661274,7.87325942462995,7.87325942462996,0,1.94034570590304
0.08,0.3,0.25,0.8,1.2,1.09855033251578,0.644226760177941,0.115820462661274,7.87325942462995,7.87325942462996,0,1.94034570590304
0.12,0.3,0.35,2.4,1,1.08412248973398,0.635765789263311,0.114183687081605,9.08320865470003,9.08320865470003,0,1.94228561891793
0.12,0.3,0.35,2.4,1.2,1.08412248973398,0.635765789263311,0.114183687081605,9.08320865470003,9.08320865470003,0,1.94228561891793
0.12,0.2,0.35,2.4,1,1.0830414588129,0.635131836473597,0.104979970317186,9.17386618059798,9.17386618059798,0,2.03324175564105
0.12,0.2,0.35,2.4,1.2,1.0830414588129,0.635131836473597,0.104979970317186,9.17386618059798,9.17386618059798,0,2.03324175564105
0.08,0.1,0.25,2.4,1,1.09513657963542,0.64222482099221,0.105062170148518,8.1595439185565,8.1595439185565,0,2.04451487815024
0.08,0.1,0.25,2.4,1.2,1.09513657963542,0.64222482099221,0.105062170148518,8.1595439185565,8.1595439185565,0,2.04451487815024
0.08,0.1,0.25,1.8,1,1.09504281944077,0.642169836869369,0.102797631140116,8.16740684560929,8.1674068456093,0,2.06706650803962
0.08,0.1,0.25,1.8,1.2,1.09504281944077,0.642169836869369,0.102797631140116,8.16740684560929,8.1674068456093,0,2.06706650803962
0.12,0.3,0.45,0.8,1,1.08312328578967,0.635179822557235,0.100360812046438,9.16700399828608,9.16700399828608,0,2.07951516532529
0.12,0.3,0.45,0.8,1.2,1.08312328578967,0.635179822557235,0.100360812046438,9.16700399828608,9.16700399828608,0,2.07951516532529
0.08,0.1,0.25,1.2,1,1.09495608412637,0.642118972371917,0.100510661973947,8.17468065143504,8.17468065143504,0,2.08984946438691
0.08,0.1,0.25,1.2,1.2,1.09495608412637,0.642118972371917,0.100510661973947,8.17468065143504,8.17468065143504,0,2.08984946438691
0.08,0.1,0.25,0.8,1,1.09490381013569,0.642088317150521,0.0989734562302846,8.179064458199,8.179064458199,0,2.10516924783285
0.08,0.1,0.25,0.8,1.2,1.09490381013569,0.642088317150521,0.0989734562302846,8.179064458199,8.179064458199,0,2.10516924783285
0.12,0.1,0.35,2.4,1,1.08205863670884,0.634555476628091,0.0962033524660196,9.25628770861764,9.25628770861764,0,2.12002511204865
0.12,0.1,0.35,2.4,1.2,1.08205863670884,0.634555476628091,0.0962033524660196,9.25628770861764,9.25628770861764,0,2.12002511204865
0.12,0.2,0.45,0.8,1,1.08189729860211,0.634460862551048,0.0852737195777933,9.26981786146024,9.26981786146026,0,2.22916010282417
0.12,0.2,0.45,0.8,1.2,1.08189729860211,0.634460862551048,0.0852737195777933,9.26981786146024,9.26981786146026,0,2.22916010282417
0.12,0.3,0.35,1.8,1,1.08295054240458,0.635078520042437,0.0736629744501629,9.18149062175057,9.18149062175058,0,2.34632079790295
0.12,0.3,0.35,1.8,1.2,1.08295054240458,0.635078520042437,0.0736629744501629,9.18149062175057,9.18149062175058,0,2.34632079790295
0.12,0.1,0.45,0.8,1,1.08075250307281,0.633789516056424,0.069897845868922,9.36582282146737,9.36582282146737,0,2.38177404438359
0.12,0.1,0.45,0.8,1.2,1.08075250307281,0.633789516056424,0.069897845868922,9.36582282146737,9.36582282146737,0,2.38177404438359
0.16,0.3,0.45,1.2,1.2,1.07685069092344,0.631501362545918,0.0691113052664876,9.69303699183307,9.69303699183308,0,2.38573763825856
0.16,0.3,0.45,1.2,1,1.07829411402768,0.632347834266408,0.0691113052664876,9.57198849552973,9.57198849552974,0,2.3871810613628
0.12,0.2,0.35,1.8,1,1.08183338646392,0.634423382329613,0.0622544173420501,9.27517766774329,9.27517766774329,0,2.45928921304342
0.12,0.2,0.35,1.8,1.2,1.08183338646392,0.634423382329613,0.0622544173420501,9.27517766774329,9.27517766774329,0,2.45928921304342
0.16,0.3,0.35,2.4,1.2,1.07739159862285,0.631818568962806,0.0595325598973904,9.64767533490753,9.64767533490754,0,2.48206599964895
0.16,0.3,0.35,2.4,1,1.0788304559591,0.632662363163811,0.0595325598973904,9.52700973350735,9.52700973350736,0,2.4835048569852
0.16,0.2,0.45,1.2,1.2,1.07652185307621,0.631308521003137,0.0578503019289673,9.72061402508004,9.72061402508004,0,2.49801883378654
0.16,0.2,0.45,1.2,1,1.07803138813237,0.632193762989616,0.0578503011635208,9.59402124148896,9.59402124148897,0,2.49952837649716
0.16,0.2,0.35,2.4,1.2,1.07717885191859,0.631693807159939,0.0536551629153864,9.66551672082456,9.66551672082457,0,2.54062722276473
0.16,0.2,0.35,2.4,1,1.07868169834649,0.63257512671047,0.0536551629153864,9.5394848596623,9.5394848596623,0,2.54213006919263
0.12,0.1,0.35,1.8,1,1.08080981273963,0.6338231243672,0.0512908663475079,9.36101671231549,9.36101671231549,0,2.56790114926455
0.12,0.1,0.35,1.8,1.2,1.08080981273963,0.6338231243672,0.0512908663475079,9.36101671231549,9.36101671231549,0,2.56790114926455
0.16,0.1,0.35,2.4,1.2,1.07704516931128,0.631615411195321,0.0491492982363352,9.67672762533977,9.67672762533976,0,2.58555218694793
0.16,0.1,0.35,2.4,1,1.07861920753676,0.632538480003714,0.0491492982363352,9.54472547035247,9.54472547035248,0,2.58712622517341
0.16,0.1,0.45,1.2,1.2,1.07634917020796,0.63120725397744,0.0472539213145746,9.73509557347558,9.73509557347558,0,2.60380995706221
0.16,0.1,0.45,1.2,1,1.07793363241343,0.63213643575732,0.0472539206396536,9.60221924160956,9.60221924160957,0,2.60539442601689
0.12,0.3,0.35,1.2,1,1.08168596252208,0.634336927985543,0.0232338935074467,9.28754094946337,9.28754094946337,0,2.84934702744761
0.12,0.3,0.35,1.2,1.2,1.08168596252208,0.634336927985543,0.0232338935074467,9.28754094946337,9.28754094946337,0,2.84934702744761
0.16,0.1,0.35,1.8,1.2,1.07427638762129,0.629991704747844,0.0208289871270043,9.90892347919718,9.90892347919719,0,2.86598651635125
0.16,0.1,0.35,1.8,1,1.07584879631332,0.630913817943168,0.0208289871270043,9.77705798031096,9.77705798031097,0,2.86755892504327
0.16,0.2,0.35,1.8,1.2,1.07470849762603,0.630245108547518,0.0192483989843675,9.87268582569316,9.87268582569317,0,2.88222450778235
0.16,0.2,0.35,1.8,1,1.07620713610672,0.631123960416673,0.0192483989843675,9.74700685183083,9.74700685183084,0,2.88372314626304
0.16,0.3,0.35,1.8,1.2,1.07531567814947,0.630601179571196,0.0178314845328136,9.82176639040643,9.82176639040644,0,2.89700083282134
0.16,0.3,0.35,1.8,1,1.07674900156136,0.631441728493353,0.0178314845328136,9.7015648755376,9.70156487553762,0,2.89843415623323
0.16,0.1,0.35,1.2,1.2,1.07215928820694,0.628750166644117,0.0103617655997655,10.0864678872639,10.0864678872639,0,2.96854163220929
0.16,0.1,0.35,1.2,1,1.07372684752799,0.629669436005652,0.0103617655997655,9.95500906682368,9.95500906682368,0,2.97010919153033
0.12,0.2,0.35,1.2,1,1.08054344909258,0.633666919790781,0.0097756397886588,9.38335452778347,9.38335452778348,0,2.98278705120599
0.12,0.2,0.35,1.2,1.2,1.08054344909258,0.633666919790781,0.0097756397886588,9.38335452778347,9.38335452778348,0,2.98278705120599
0.16,0.2,0.35,1.2,1.2,1.07245959100831,0.628926274278946,0.00878319843848103,10.0612838629574,10.0612838629574,0,2.9846276066235
0.16,0.2,0.35,1.2,1,1.07395389040193,0.62980258156191,0.00878319843848103,9.93596877405969,9.9359687740597,0,2.98612190601712
0.12,0.1,0.35,1.2,1,1.079479072673,0.633042733759338,0.00784087069661103,9.47261537216954,9.47261537216954,0,3.00107036570689
0.12,0.1,0.35,1.2,1.2,1.079479072673,0.633042733759338,0.00784087069661103,9.47261537216954,9.47261537216954,0,3.00107036570689
0.16,0.1,0.45,0.8,1.2,1.07352071150072,0.629548550925491,0.00720741566849294,9.97229606746965,9.97229606746966,0,3.00144655481579
0.16,0.3,0.35,1.2,1.2,1.07292130066909,0.62919703630969,0.00707681755110327,10.0225639200647,10.0225639200647,0,3.00215312515806
0.16,0.1,0.45,0.8,1,1.07509995059953,0.630474669700447,0.00720741566849294,9.83985775630919,9.83985775630919,0,3.0030257939146
0.16,0.3,0.35,1.2,1,1.07434405614034,0.630031387837003,0.00707681755110327,9.90324865491771,9.90324865491771,0,3.0035758806293
0.16,0.1,0.35,0.8,1.2,1.0714880163961,0.628356510339899,0.00638431161265105,10.1427621526628,10.1427621526628,0,3.00764490026959
0.16,0.1,0.35,0.8,1,1.07305474656331,0.629275293457813,0.00638431161265105,10.0113728668068,10.0113728668069,0,3.0092116304368
0.16,0.2,0.35,0.8,1.2,1.07164876708527,0.628450779935575,0.00539323801402869,10.1292812618929,10.1292812618929,0,3.01771638694498
0.16,0.2,0.35,0.8,1,1.07314253810455,0.62932677736211,0.00539323801402869,10.0040104835775,10.0040104835775,0,3.01921015796427
0.16,0.2,0.45,0.8,1.2,1.07387670616226,0.62975731813502,0.00531272396383861,9.94244160667767,9.94244160667767,0,3.02074946652387
0.16,0.2,0.45,0.8,1,1.0753775034281,0.63063743598819,0.00531272396383861,9.81658159255408,9.81658159255409,0,3.02225026378971
0.16,0.3,0.35,0.8,1.2,1.07195393502245,0.628629740649219,0.00444749081137669,10.1036892370684,10.1036892370684,0,3.02747902690868
0.16,0.3,0.35,0.8,1,1.07337493085782,0.629463060267038,0.00444749081137669,9.98452153868542,9.98452153868543,0,3.02890002274405
0.12,0.1,0.35,0.8,1,1.0784930720634,0.632464509931572,0.00412060742820787,9.5553034563471,9.55530345634711,0,3.03728699778132
0.12,0.1,0.35,0.8,1.2,1.0784930720634,0.632464509931572,0.00412060742820787,9.5553034563471,9.55530345634711,0,3.03728699778132
0.16,0.3,0.45,0.8,1.2,1.07438519476648,0.630055512907156,0.00302967935827668,9.89979868323579,9.8997986832358,0,3.04408840118371
0.16,0.3,0.45,0.8,1,1.07581696358182,0.630895150161755,0.00302967935827668,9.77972754010214,9.77972754010214,0,3.04552016999906
0.12,0.2,0.35,0.8,1,1.07960974670928,0.633119365396994,0.00241118643252679,9.46165677274676,9.46165677274676,0,3.05549788238401
0.12,0.2,0.35,0.8,1.2,1.07960974670928,0.633119365396994,0.00241118643252679,9.46165677274676,9.46165677274676,0,3.05549788238401
0.16,0.3,0.25,0.8,1.2,1.07134926384675,0.628275141191224,0.00151174550323426,10.1543982331769,10.1543982331769,0,3.05623180881441
0.16,0.3,0.25,0.8,1,1.07276545910298,0.629105645588421,0.00151174550323426,10.0356331214543,10.0356331214543,0,3.05764800407064
0.16,0.3,0.25,1.2,1.2,1.07150411156919,0.628365949089226,0.00130903421516717,10.1414123776078,10.1414123776078,0,3.05841376941752
0.16,0.2,0.25,1.2,1.2,1.0713144777151,0.628254741436899,0.00122000572485847,10.1573154713152,10.1573154713152,0,3.05911442046651
0.16,0.2,0.25,2.4,1.2,1.07182488171202,0.62855405945956,0.00126606370235949,10.1145119190139,10.1145119190139,0,3.05916424468843
0.16,0.3,0.25,1.2,1,1.07292013099872,0.62919635037575,0.00130903421516717,10.0226620110817,10.0226620110817,0,3.05982978884704
0.16,0.2,0.25,1.2,1,1.0728015620723,0.629126817580521,0.00122000572485847,10.0326054505406,10.0326054505406,0,3.06060150482372
0.16,0.2,0.25,2.4,1,1.07331048935642,0.629425269609259,0.00126606370235949,9.98992573848044,9.98992573848044,0,3.06064985233282
0.16,0.1,0.25,2.4,1.2,1.07174647178293,0.628508077247282,0.000992777614595536,10.121087540524,10.121087540524,0,3.06181869563697
0.16,0.2,0.25,1.8,1.2,1.0715442468087,0.628389485739806,0.000925389828366668,10.1380465520383,10.1380465520384,0,3.06229034852504
0.16,0.3,0.25,1.8,1.2,1.07181290113082,0.628547033644913,0.000937635570953724,10.115516635743,10.115516635743,0,3.06243654542128
0.16,0.2,0.25,0.8,1.2,1.07111881572169,0.628139998681497,0.000823489783763131,10.1737240974594,10.1737240974594,0,3.06288391788406
0.16,0.1,0.25,2.4,1,1.07330866139535,0.629424197631579,0.000992777614595536,9.99007903513899,9.990079035139,0,3.06338088524939
0.16,0.2,0.25,1.8,1,1.07303081326856,0.629261258171052,0.000925389828366668,10.0133799632241,10.0133799632241,0,3.06377691498489
0.16,0.3,0.25,1.8,1,1.07322881887951,0.629377375302389,0.000937635570953724,9.99677479638497,9.99677479638498,0,3.06385246316998
0.16,0.2,0.25,0.8,1,1.07260630571977,0.629012312706529,0.000823489783763131,10.0489800587887,10.0489800587887,0,3.06437140788214
0.16,0.1,0.25,1.2,1.2,1.07121775108649,0.628198017697688,0.000662179201675539,10.1654271697572,10.1654271697572,0,3.06459595906973
0.16,0.3,0.25,2.4,1.2,1.0721235058291,0.628729182657618,0.000644743483599459,10.0894686727014,10.0894686727014,0,3.06567607099311
0.12,0.2,0.25,1.8,1,1.07903745901905,0.632783756701011,0.00132218361127501,9.50965002167838,9.50965002167839,0,3.0658156229063
0.12,0.2,0.25,1.8,1.2,1.07903745901905,0.632783756701011,0.00132218361127501,9.50965002167838,9.50965002167839,0,3.0658156229063
0.16,0.1,0.25,1.2,1,1.07278122905639,0.629114893618021,0.000662179201675539,10.0343106200053,10.0343106200053,0,3.06615943703963
0.16,0.1,0.25,1.8,1.2,1.07141178664829,0.628311806659048,0.000501462282424809,10.1491549395867,10.1491549395867,0,3.06639716382404
0.12,0.3,0.25,1.8,1,1.08018770361577,0.633458298711534,0.00137818076712997,9.41318809142033,9.41318809142033,0,3.06640589594447
0.12,0.3,0.25,1.8,1.2,1.08018770361577,0.633458298711534,0.00137818076712997,9.41318809142033,9.41318809142033,0,3.06640589594447
0.16,0.1,0.25,0.8,1.2,1.07106135685313,0.628106302873813,0.000450851342343381,10.1785427189835,10.1785427189835,0,3.0665528434297
0.12,0.1,0.25,1.2,1,1.07757522532165,0.631926253817791,0.00106166777869808,9.63227601387291,9.63227601387292,0,3.06695854753467
0.12,0.1,0.25,1.2,1.2,1.07757522532165,0.631926253817791,0.00106166777869808,9.63227601387291,9.63227601387292,0,3.06695854753467
0.16,0.3,0.25,2.4,1,1.07353871437824,0.629559108416686,0.000644743483599459,9.97078630830952,9.97078630830952,0,3.06709127954225
0.16,0.1,0.25,1.8,1,1.07297467580527,0.62922833727974,0.000501462282424809,10.0180877689238,10.0180877689238,0,3.06796005298103
0.16,0.1,0.25,0.8,1,1.07262528649273,0.629023443668408,0.000450851342343381,10.0473882912609,10.0473882912609,0,3.0681167730693
0.12,0.2,0.25,0.8,1,1.078393357742,0.632406034109102,0.00100211981876227,9.56366570898803,9.56366570898804,0,3.06837215955438
0.12,0.2,0.25,0.8,1.2,1.078393357742,0.632406034109102,0.00100211981876227,9.56366570898803,9.56366570898804,0,3.06837215955438
0.12,0.3,0.25,0.8,1,1.07954137036081,0.633079267212924,0.00104386661835754,9.46739095708948,9.46739095708949,0,3.06910270417724
0.12,0.3,0.25,0.8,1.2,1.07954137036081,0.633079267212924,0.00104386661835754,9.46739095708948,9.46739095708949,0,3.06910270417724
0.12,0.3,0.25,1.2,1,1.07977456822552,0.633216022262206,0.000997905318457397,9.44783449385885,9.44783449385887,0,3.06979551504095
0.12,0.3,0.25,1.2,1.2,1.07977456822552,0.633216022262206,0.000997905318457397,9.44783449385885,9.44783449385887,0,3.06979551504095
0.12,0.3,0.25,2.4,1,1.08069112421136,0.633753521433433,0.00107671017809253,9.37097018183701,9.37097018183701,0,3.06992402243044
0.12,0.3,0.25,2.4,1.2,1.08069112421136,0.633753521433433,0.00107671017809253,9.37097018183701,9.37097018183701,0,3.06992402243044
0.12,0.3,0.35,0.8,1,1.0808014723689,0.633818233294073,0.000977918603070209,9.36171615333991,9.36171615333992,0,3.0710222863382
0.12,0.3,0.35,0.8,1.2,1.0808014723689,0.633818233294073,0.000977918603070209,9.36171615333991,9.36171615333992,0,3.0710222863382
0.12,0.1,0.25,1.8,1,1.07796424500264,0.632154388006375,0.000665196779598542,9.59965200551552,9.59965200551552,0,3.07131227720666
0.12,0.1,0.25,1.8,1.2,1.07796424500264,0.632154388006375,0.000665196779598542,9.59965200551552,9.59965200551552,0,3.07131227720666
0.12,0.2,0.25,1.2,1,1.0786525999835,0.632558062454458,0.000670103250658792,9.5419251095618,9.5419251095618,0,3.07195156747691
0.12,0.2,0.25,1.2,1.2,1.0786525999835,0.632558062454458,0.000670103250658792,9.5419251095618,9.5419251095618,0,3.07195156747691
0.12,0.1,0.25,0.8,1,1.07738215249501,0.631813029436614,0.0005150707940649,9.64846750704928,9.64846750704929,0,3.07223144455436
0.12,0.1,0.25,0.8,1.2,1.07738215249501,0.631813029436614,0.0005150707940649,9.64846750704928,9.64846750704929,0,3.07223144455436
0.12,0.2,0.25,2.4,1,1.07952262314693,0.63306827321792,0.000686752374143719,9.46896313786208,9.46896313786209,0,3.07265509940549
0.12,0.2,0.25,2.4,1.2,1.07952262314693,0.63306827321792,0.000686752374143719,9.46896313786208,9.46896313786209,0,3.07265509940549
0.12,0.1,0.25,2.4,1,1.078443444061,0.632435406406453,0.000287716538582401,9.55946536497031,9.55946536497032,0,3.07556627867518
0.12,0.1,0.25,2.4,1.2,1.078443444061,0.632435406406453,0.000287716538582401,9.55946536497031,9.55946536497032,0,3.07556627867518
